No,Foto,Nama,Kategori,Jalan,Desa/Kelurahan,Kecamatan,Kota/Kabupaten,Kontak,X (Longitude),Y (Latitude)
1,https://raw.githubusercontent.com/claranvt/Image_WisataBandung/Budaya/Asia-Afrika_Budaya.jpg,Museum Konferensi Asia Afrika,Museum,Jl. Asia Afrika No.65,Braga,Sumur Bandung,Kota Bandung,,107.609417,-6.921289
2,https://raw.githubusercontent.com/claranvt/Image_WisataBandung/Budaya/GedungSate_Budaya.jpg,Gedung Sate,Gedung Sejarah,Jl. Diponegoro No.22,Citarum,Bandung Wetan,Kota Bandung,,107.61872,-6.901936
3,https://raw.githubusercontent.com/claranvt/Image_WisataBandung/Budaya/saungudjo_Budaya.jpg,Saung Angklung Udjo,Saung Seni,Jl. Padasuka No.118,Pasirlayung,Cibeunying Kidul,Kota Bandung,,107.654686,-6.897700
4,https://raw.githubusercontent.com/claranvt/Image_WisataBandung/Budaya/MuseumGeologi_Budaya.jpg,Museum Geologi Bandung,Museum,Jl. Diponegoro No.57,Cihaur Geulis,Cibeunying Kaler,Kota Bandung,,107.621456,-6.900717
5,https://raw.githubusercontent.com/claranvt/Image_WisataBandung/Budaya/MuseumSriBaduga_Bandung.jpeg,Museum Sri Baduga,Museum,Jl. BKR No.185,Pelindung Hewan,Astanaanyar,Kota Bandung,,107.603489,-6.937644
6,https://raw.githubusercontent.com/claranvt/Image_WisataBandung/Budaya/GedungIndonesiaMenggugat_Budaya.jpeg,Gedung Indonesia Menggugat,Cagar Budaya,Jl. Perintis Kemerdekaan No.5,Babakan Ciamis,Sumur Bandung,Kota Bandung,,107.608022,-6.913536
7,https://raw.githubusercontent.com/claranvt/Image_WisataBandung/Budaya/NuArt_Budaya.jpg,NuArt Sculpture Park,Taman Budaya,Jl. Setra Duta Raya No.L6,Ciwaruga,Parongpong,Kab. Bandung Barat,,107.572289,-6.877700
8,,Taman Budaya Jawa Barat,Taman Budaya,Jl. Bukit Dago Selatan No.53A,Dago,Coblong,Kota Bandung,,107.619217,-6.869453
9,https://raw.githubusercontent.com/claranvt/Image_WisataBandung/Budaya/JalanBraga_Budaya.jpeg,Jalan Braga,Kawasan Sejarah,Jl. Braga,Braga,Sumur Bandung,Kota Bandung,,107.609436,-6.917823
10,,Museum Pos Indonesia,Museum,Jl. Cilaki No.73,Cihapit,Bandung Wetan,Kota Bandung,,107.619745,-6.902061
11,,Kampung Adat Cireundeu,Kampung Adat,,Cireundeu,Leuwigajah,Kota Cimahi,,107.523423,-6.914281
12,,Selasar Sunaryo Art Space,Galeri Seni,Jl. Bukit Pakar Timur No.100,Ciburial,Cimenyan,Kab. Bandung,,107.636541,-6.858714
13,,Rumah Inggit Garnasih,Cagar Budaya,Jl. Inggit Garnasih No.8,Nyengseret,Astanaanyar,Kota Bandung,,107.602497,-6.931478
14,,Villa Isola (Bumi Siliwangi),Gedung Sejarah,Jl. Dr. Setiabudi No.229,Isola,Sukasari,Kota Bandung,,107.594333,-6.861100
15,,Stasiun Bandung (Hall Selatan),Gedung Sejarah,Jl. Stasiun Timur No.1,Kebonjeruk,Andir,Kota Bandung,,107.602433,-6.914789
16,,Gedung De Vries,Cagar Budaya,Jl. Asia Afrika,Alun-alun,Sumur Bandung,Kota Bandung,,107.609689,-6.921570
17,,Masjid Cipaganti,Tempat Ibadah,Jl. Raden AA Wiranatakusumah No.85,Cipaganti,Coblong,,107.602350,-6.894652
18,,Gereja Katedral Santo Petrus,Tempat Ibadah,Jl. Merdeka No.14,Babakan Ciamis,Sumur Bandung,Kota Bandung,,107.6105,-6.914792
19,,Vihara Satya Budhi,Tempat Ibadah,Jl. Kelenteng No.10,Ciroyom,Andir,Kota Bandung,,107.592642,-6.917961
20,,Goa Belanda & Goa Jepang,Situs Sejarah,Taman Hutan Raya Ir. H. Djuanda No.99,Dago,,Kota Bandung,,107.635322,-6.855483
21,,Bandung Creative Hub,Ruang Kreatif,Jl. Laswi No.7,Kacapiring,Batununggal,Kota Bandung,,107.631617,-6.918300
22,,Komunitas Hong,Komunitas Budaya,Jl. Bukit Pakar Utara No.35,Ciburial,Cimenyan,Kab. Bandung,,107.63364,-6.85808
23,,Wot Batu,Galeri Seni,Jl. Bukit Pakar Timur No.98,Ciburial,Cimenyan,Kab. Bandung,,107.63614,-6.85966
24,,Grey Art Gallery,Galeri Seni,Jl. Braga No.47,Braga,Sumur Bandung,Kota Bandung,,107.60952,-6.91862
25,,Jelekong Art Village,Kampung Seni,,Desa Jelekong,Baleendah,Kab. Bandung,,107.65508,-7.0237
26,,Taman Sejarah Bandung,Taman Edukasi,Jl. Aceh,Babakan Ciamis,Sumur Bandung,Kota Bandung,,107.61029,-6.9102
